age,heart_rate,spo2,sleep_hours,activity_level,bmi,risk_label
53,127,91,3.2,2,31.2,High
66,113,90,7.8,2,28.0,High
43,124,97,6.8,0,20.1,Moderate
29,134,92,3.5,0,25.8,High
57,57,92,8.2,1,27.3,Moderate
22,74,90,8.5,1,26.0,Moderate
35,113,99,3.4,0,20.9,High
53,90,96,4.7,1,25.8,Low
72,73,91,7.8,0,25.3,High
33,121,98,7.5,2,34.9,Moderate
37,73,92,4.1,1,33.1,Moderate
25,74,91,4.3,1,24.8,Moderate
25,125,92,5.2,0,27.8,High
38,106,94,5.9,1,30.2,Moderate
67,87,96,6.7,1,16.7,Moderate
50,94,94,5.2,2,33.0,Moderate
54,93,92,5.8,1,32.3,Moderate
38,136,97,7.5,2,24.7,Moderate
17,55,97,3.2,0,23.4,Moderate
36,65,94,4.5,1,21.2,Moderate
67,111,97,7.3,2,25.1,Moderate
16,104,92,8.4,0,16.8,High
38,77,90,6.1,1,32.2,Moderate
58,85,94,6.2,0,16.7,High
44,96,98,3.6,1,22.3,Moderate
52,61,98,5.7,0,33.7,Moderate
16,70,89,6.2,0,30.0,High
74,114,99,4.5,2,21.3,High
35,56,96,4.6,0,20.8,Moderate
47,55,97,5.3,1,16.1,Low
26,102,97,3.1,1,29.2,Moderate
72,66,99,4.9,2,16.9,Moderate
36,123,88,4.3,1,26.1,High
58,91,93,5.0,1,34.3,Moderate
39,86,94,3.7,1,18.1,Moderate
63,63,95,8.3,0,33.0,Moderate
41,73,97,6.6,0,34.8,Moderate
73,102,96,7.1,1,17.2,Moderate
56,134,89,7.7,2,32.8,High
42,57,98,6.0,0,25.8,Low
74,74,97,3.5,2,33.2,Moderate
30,78,89,6.2,1,26.9,Moderate
29,108,92,6.5,1,28.6,Moderate
61,87,92,7.5,0,26.3,Moderate
65,78,93,5.6,1,32.4,Moderate
58,129,90,3.8,0,29.9,High
69,126,95,4.7,1,25.9,High
66,90,88,5.2,1,32.5,High
71,92,93,6.9,0,20.7,Moderate
17,138,91,6.4,0,19.0,High
51,79,88,5.1,0,19.0,Moderate
65,72,94,8.9,1,22.3,Moderate
21,136,96,6.6,1,20.5,Moderate
35,120,91,4.4,2,33.7,High
23,108,91,3.6,0,18.0,High
53,89,93,3.9,1,29.3,Moderate
32,134,99,4.5,1,19.6,Moderate
18,115,90,4.0,0,32.8,High
39,95,99,4.1,2,34.3,Moderate
74,87,93,4.7,0,24.8,High
28,122,94,4.0,2,32.7,High
64,87,98,8.4,1,16.1,Moderate
72,68,97,3.5,2,31.6,Moderate
23,75,97,6.1,1,20.3,Low
40,102,90,5.5,0,33.3,High
67,74,94,8.9,0,16.0,High
16,62,90,3.7,0,26.6,High
34,61,89,5.4,2,30.4,Moderate
42,121,99,8.8,1,20.9,Moderate
61,71,97,8.2,0,19.7,Moderate
74,87,91,7.9,0,17.6,High
21,102,99,4.5,1,22.2,Moderate
58,130,95,4.0,0,26.6,High
22,113,96,7.0,1,18.2,Moderate
61,76,94,8.6,1,23.2,Moderate
49,84,88,6.3,1,16.2,Moderate
28,92,90,6.4,1,31.6,Moderate
31,105,99,4.7,1,18.4,Moderate
50,108,96,7.6,2,21.4,Low
64,62,99,4.1,0,16.4,High
54,81,88,4.9,2,24.2,Moderate
18,81,96,5.6,0,32.0,Moderate
16,75,95,6.0,2,23.5,Low
20,84,88,4.5,1,19.4,Moderate
68,82,93,3.7,0,30.3,High
56,118,92,6.7,0,31.0,High
18,123,93,4.7,2,19.3,High
68,115,97,6.5,2,30.6,High
43,102,99,3.9,0,34.0,High
32,73,92,5.9,2,19.2,Low
40,58,93,6.2,2,30.6,Moderate
58,89,92,3.3,2,29.5,Moderate
48,118,98,5.0,1,25.0,Moderate
24,103,99,3.8,1,17.1,Moderate
50,71,92,3.4,2,17.4,Moderate
28,98,91,8.9,2,32.2,High
45,84,90,4.9,1,34.8,High
62,100,90,7.9,1,28.8,High
29,60,91,4.5,0,24.5,High
22,91,96,7.1,0,28.3,Low
28,78,89,7.6,1,27.3,Moderate
37,100,96,6.6,2,23.3,Low
74,107,88,5.8,2,17.2,High
71,114,88,5.5,2,31.6,High
54,117,92,5.1,2,23.1,Moderate
35,139,93,8.6,0,31.6,High
30,86,93,8.0,1,20.8,Low
59,87,90,8.8,2,16.0,High
32,121,94,3.7,0,19.0,High
61,72,96,7.4,2,24.9,Low
67,79,98,8.6,1,33.9,Moderate
38,108,99,4.1,0,17.9,Moderate
40,112,97,3.4,1,32.2,High
39,121,95,7.4,1,26.0,Moderate
74,100,93,6.4,0,31.7,High
74,78,99,8.1,0,21.7,Moderate
74,86,95,3.8,0,32.0,High
59,101,99,7.8,0,30.7,High
55,77,92,4.2,0,20.4,Moderate
43,120,95,4.0,0,18.5,High
29,81,97,4.0,0,32.5,Moderate
59,56,99,7.9,2,34.3,Moderate
15,71,91,7.0,1,16.6,Moderate
39,87,97,6.1,0,29.9,Low
21,63,95,5.2,2,33.3,Low
23,97,97,8.3,2,32.3,Moderate
38,102,99,5.4,2,34.3,Moderate
15,93,89,7.9,1,30.4,Moderate
58,96,99,5.6,0,24.4,Moderate
22,80,99,5.3,2,21.9,Low
38,104,92,5.8,1,22.1,Moderate
25,79,96,4.8,1,29.8,Low
65,78,91,7.5,1,30.2,High
31,67,98,6.0,2,19.8,Low
22,114,93,4.4,0,32.5,High
49,61,88,8.4,2,29.6,Moderate
49,111,96,5.3,2,26.7,Moderate
47,90,88,6.3,0,25.0,Moderate
73,99,92,8.4,0,26.3,High
19,74,91,6.7,0,19.0,Moderate
56,119,99,3.7,1,19.9,High
53,62,90,8.6,0,17.7,Moderate
72,70,93,6.8,2,18.9,Moderate
55,68,89,5.0,0,24.6,Moderate
42,130,90,3.8,2,26.1,High
21,69,92,7.8,1,16.3,Moderate
23,120,96,6.7,2,31.1,Moderate
22,86,89,6.2,2,21.6,Moderate
26,117,97,8.4,0,33.3,High
48,105,95,7.7,0,34.4,Moderate
47,79,89,3.9,2,19.5,Moderate
62,112,98,4.9,0,24.8,High
69,117,92,4.5,1,16.0,High
37,116,94,7.5,1,27.4,Moderate
38,76,95,3.2,0,27.5,Moderate
51,112,88,6.4,1,20.7,High
49,112,93,7.6,0,26.6,High
58,103,88,8.3,2,20.3,High
54,106,89,5.1,2,19.1,Moderate
36,96,88,7.9,1,28.4,Moderate
41,124,98,3.7,0,22.2,High
49,69,92,8.1,0,27.2,Moderate
15,108,97,3.8,1,24.2,Moderate
49,114,96,5.4,2,34.7,Moderate
51,62,93,7.8,1,18.8,Low
61,107,98,3.9,2,24.8,Moderate
28,114,98,4.4,0,28.9,High
17,59,88,7.3,2,23.5,Moderate
15,122,88,7.3,1,34.5,High
19,60,89,6.8,0,29.7,Moderate
40,101,96,7.2,1,28.5,Low
69,109,90,6.3,1,30.4,High
28,94,88,4.5,2,34.1,High
53,106,92,5.1,1,33.2,Moderate
41,70,94,4.1,2,29.8,Moderate
23,67,93,8.5,0,30.2,Moderate
29,84,99,6.5,2,18.8,Low
29,73,88,5.4,0,18.0,Moderate
40,71,92,5.8,2,26.8,Low
56,117,92,8.7,1,16.3,High
74,73,93,3.9,2,25.2,Moderate
27,112,90,6.5,2,20.0,High
65,109,92,6.0,0,22.6,High
46,116,94,6.7,1,30.7,High
53,77,92,3.1,2,33.9,Moderate
63,63,92,8.2,1,17.4,Moderate
66,66,92,8.6,2,26.2,Moderate
46,55,97,6.4,2,32.8,Low
18,112,97,7.2,1,17.6,Moderate
44,55,90,8.5,2,31.7,Moderate
51,88,88,7.2,1,22.8,Moderate
37,102,92,3.9,2,22.1,Moderate
53,55,96,6.5,0,34.6,Moderate
59,70,88,6.6,1,19.8,Moderate
29,115,90,5.5,2,29.2,High
57,118,91,7.4,2,31.6,High
43,117,88,8.6,0,16.8,High
50,123,88,8.6,1,28.7,High
27,76,95,5.7,2,34.1,Low
46,121,89,3.7,0,18.4,High
21,130,99,8.9,2,33.0,Moderate
73,80,95,8.0,1,27.3,Low
65,70,94,3.7,2,27.7,Moderate
36,105,97,8.5,2,27.6,Low
42,111,97,8.2,2,21.7,Moderate
16,83,89,6.1,2,33.8,Moderate
56,132,93,6.5,0,34.0,High
59,123,93,5.4,0,27.9,High
71,101,90,3.3,1,30.9,High
67,116,98,5.0,0,27.6,High
20,123,89,7.8,0,25.2,High
42,130,99,3.0,1,28.6,Moderate
42,70,88,5.0,0,26.5,Moderate
58,102,93,5.4,0,27.4,High
58,139,99,6.2,1,30.9,High
34,93,92,8.5,1,25.1,Low
44,87,98,5.1,1,16.8,Low
25,77,96,5.1,2,19.1,Low
72,64,88,7.4,2,24.3,Moderate
69,123,94,5.7,1,29.8,High
42,88,92,4.3,1,27.3,Moderate
39,106,92,5.7,1,28.4,Moderate
53,64,89,3.8,2,25.1,Moderate
47,73,98,4.1,2,27.7,Low
15,112,90,6.0,0,22.3,High
71,55,94,5.5,0,24.9,Moderate
41,123,93,8.5,1,30.1,High
71,58,99,5.2,2,32.6,Moderate
66,70,89,6.5,2,24.2,Moderate
27,78,93,6.8,2,16.8,Moderate
55,134,89,3.1,1,19.1,High
17,56,89,7.0,0,16.4,High
53,86,89,4.1,1,28.4,Moderate
20,138,98,8.8,0,22.3,Moderate
22,78,90,3.9,0,26.3,High
41,66,89,5.5,1,25.4,Moderate
23,104,91,3.5,0,17.5,High
51,89,96,9.0,0,23.7,Low
47,87,93,6.0,2,20.2,Low
65,87,88,6.6,0,23.9,High
56,115,95,3.4,1,19.9,High
58,105,99,7.5,1,32.0,Moderate
38,97,94,4.3,0,19.3,High
29,66,97,8.4,2,34.3,Low
73,121,90,4.2,2,23.9,High
68,119,88,4.1,0,32.1,High
46,87,92,3.2,0,27.9,Moderate
46,94,91,5.8,1,30.0,Moderate
38,128,97,6.4,0,30.6,High
55,97,95,3.4,2,25.6,Moderate
66,98,88,7.7,0,26.3,High
63,83,97,5.7,1,25.8,Low
63,67,88,6.1,1,27.2,Moderate
72,66,99,5.6,1,16.6,Moderate
66,100,91,5.4,1,23.5,High
26,56,95,6.4,1,27.5,Low
53,89,92,3.9,0,27.4,Moderate
16,135,89,4.1,0,31.1,High
17,62,93,8.2,0,28.4,Moderate
63,80,92,8.7,0,34.9,High
51,128,89,5.2,1,21.4,High
63,88,98,4.6,2,22.8,Moderate
70,61,98,6.9,0,23.3,Moderate
31,122,98,5.5,2,24.9,Moderate
73,112,90,3.2,0,31.9,High
63,129,96,3.9,0,20.5,High
16,83,94,7.3,2,30.7,Moderate
16,90,94,7.0,1,23.7,Low
42,75,98,3.2,0,27.4,Moderate
68,90,93,4.3,0,28.0,High
37,64,95,4.4,0,23.1,Moderate
51,127,91,7.0,2,25.7,High
46,78,95,3.1,1,23.8,Low
47,118,91,3.6,2,17.3,High
15,103,95,7.8,2,24.3,Low
33,90,96,4.1,1,17.9,Low
16,136,90,6.9,2,23.7,High
67,78,90,4.4,1,27.3,High
58,77,98,3.6,0,27.0,Moderate
40,116,89,4.5,1,28.6,High
46,91,97,7.3,0,17.8,Low
20,66,90,8.1,2,28.4,Moderate
46,109,90,8.0,2,21.9,Moderate
69,67,92,5.4,0,23.6,Moderate
18,77,92,7.0,2,32.3,Moderate
69,84,89,4.2,1,16.2,High
25,71,99,4.8,0,27.2,Moderate
70,116,97,8.4,2,27.4,Moderate
73,138,93,3.1,0,23.5,High
31,67,92,3.5,1,20.5,Moderate
52,113,93,4.2,1,20.5,High
38,73,88,3.2,2,32.8,High
19,103,92,4.1,1,24.4,Moderate
66,66,96,6.5,0,22.3,Moderate
48,115,99,5.5,1,24.5,Moderate
20,73,97,8.4,0,28.7,Low
36,130,89,7.9,0,18.8,High
25,63,88,5.1,1,24.5,Moderate
62,125,97,4.6,2,27.2,High
30,82,98,5.3,1,34.0,Low
